ID,name,url,title,summary,content,state
a4849408-f412-4b67-b38c-7d489d11deb6,さっぽろ雪まつり,https://ja.wikipedia.org/wiki/%E3%81%95%E3%81%A3%E3%81%BD%E3%82%8D%E9%9B%AA%E3%81%BE%E3%81%A4%E3%82%8A,さっぽろ雪まつり,"さっぽろ雪まつり（さっぽろゆきまつり、Sapporo Snow Festival、札幌雪祭り）は、北海道札幌市中央区内の大通公園をはじめとする複数の会場で、毎年2月上旬に開催される雪と氷の祭典である。雪で作られた大小の像の展示が中心となるが、すすきの会場を中心に氷像（氷彫刻）も展示される。
札幌市や、札幌商工会議所、市内の企業・団体などから構成される「さっぽろ雪まつり実行委員会」によって企画・運営されている。
北海道内のみならず、日本全国や海外から、およそ200万人もの観光客が訪れる、北海道で最も大規模なイベントの一つである。
「世界三大雪まつり」は、さっぽろ雪まつり（日本）、ケベック・ウィンター・カーニバル（カナダ）、ハルビン氷祭り（中国）であると言われている。","さっぽろ雪まつり（さっぽろゆきまつり、Sapporo Snow Festival、札幌雪祭り）は、北海道札幌市中央区内の大通公園をはじめとする複数の会場で、毎年2月上旬に開催される雪と氷の祭典である。雪で作られた大小の像の展示が中心となるが、すすきの会場を中心に氷像（氷彫刻）も展示される。
札幌市や、札幌商工会議所、市内の企業・団体などから構成される「さっぽろ雪まつり実行委員会」によって企画・運営されている。
北海道内のみならず、日本全国や海外から、およそ200万人もの観光客が訪れる、北海道で最も大規模なイベントの一つである。
「世界三大雪まつり」は、さっぽろ雪まつり（日本）、ケベック・ウィンター・カーニバル（カナダ）、ハルビン氷祭り（中国）であると言われている。

歴史
雪まつりの始まり
1950年に札幌観光協会と札幌市の主催によって開催されたことが雪まつりの始まりである。企画には後援者の一員に名を連ねた北海タイムスが深く関与していた。これ以前に札幌には冬の祭がいくつかあったが、第二次世界大戦中に途絶えていた。
雪像を作る祭のアイデアは、小樽市北手宮尋常小学校（のち小樽市立北手宮小学校（2015年度で閉校））で、1935年2月から学校行事として始まった雪まつりからとられた。
最初のさっぽろ雪まつりでは、市民の雪捨て場となっていた大通公園の7丁目に、札幌市内の中学校2校・高等学校3校の生徒が、美術科教諭の指導の下に、計6基の雪像を制作した。他に日本国有鉄道（国鉄）札幌鉄道管理局が雪まつりに合わせて、札幌駅前に雪像を作った。
その他の催しとしては、歌謡コンクール、タンブリング、スクエアダンス、演芸大会、犬橇レース、スキー仮装行列、映画『銀嶺の果て』の上映などがあった。スクエアダンスは凍った地面により転倒する負傷者が出て、開始から30分で中止になった。映写会でも足を滑らせた観客が、映写台を押し潰してしまい中止になった。しかし、祭は盛況で翌年以降も継続することになった。

雪まつりの発展
初期の雪まつりで雪像を作ったのは、札幌の中学校・高等学校の生徒で、その数は5, 6基であった。当初は雪像の高さが7メートルを限度としていたが、1953年の第4回で、北海道札幌伏見高等学校（現：北海道札幌工業高等学校）が、高さ15メートルの大雪像『昇天』を制作した。雪の塊を石材のように積んだアーチ状構築物の上に立像を建てたもので、大量の雪が必要であったため、市はトラックとブルドーザーを導入して準備にあたった。これは現在のような機械力を用いた大規模な雪像づくりの端緒となった。
1954年の第5回からは市民制作の像が加わった。1955年の第6回には、陸上自衛隊、商社、市の出張所が加わり、様々な参加者による多数の像が並ぶスタイルが定着した。しかし、高校生による雪像製作は同回で打ち切りとなった。
1959年の第10回あたりから、雪まつりを目当てに道外から訪れる観光客が増え始めた。札幌オリンピックがあった1972年の第23回には世界的に雪まつりが紹介され、これ以降は海外からの観光客も目立つようになった。1974年の第25回には折からのオイルショックの影響で、雪運搬用のトラックの燃料が十分に確保できず、雪像の中にドラム缶を詰めて乗り切った。
同じ1974年の第25回からは、国際親善を目的に、海外都市の派遣による「国際雪像コンクール」が始まっている。第1回の参加は、カナダ、アメリカ合衆国、フランス、南ベトナム、大韓民国、日本の6チームで、その後参加チームは増加し、1998年（第49回雪まつり）の第25回コンクールでは20チーム、合計80名もの選手が参加した。
「すすきの氷の祭典」（現：すすきのアイスワールド）は雪まつり開催に合わせた独自のイベントとして1981年から始まったが、1983年の第3回より雪まつりの会場の一つとして組み込まれている。
1986年の第37回からは、それまで12月上旬から1月上旬まで、大通公園を中心に行われていた夜間電飾イベント「ホワイトイルミネーションさっぽろプラザ」（現：さっぽろホワイトイルミネーション）の開催期間が2月の雪まつり閉幕まで延長され、日没後にも雪氷像鑑賞を楽しめるようになった。
1987年の第38回からは原則2月5日から11日までの1週間開催となり、全国ニュースでも大きく取り上げられるようになる。さらにこの時期から、民放テレビ局が、開催中の土曜日や日曜日に、特別番組を全国放送するようになる。
1990年の第41回から、中央区の中島公園が第4の会場として加えられたが、1992年の第43回をもって廃止された。3回限りで廃止された要因として、中島公園会場は市民制作の雪像がメインであったため、大雪像が少なく集客力に欠けたことが挙げられる。

陸上自衛隊の協力
陸上自衛隊北部方面隊は「野戦築城訓練」の名目で雪まつりの雪像製作に協力している。陸自が大通公園で雪像製作を最初に行ったのは1955年の第6回で、第101通信大隊（現在の北部方面通信群の前身）が高さ10メートルの聖母マリア像『栄光』を制作した。
1954年に開設された陸上自衛隊真駒内駐屯地では、隊員のレクリエーションと（野戦）築城訓練も兼ねて駐屯地内に雪像を作り、1956年より第7混成団（→第11師団）の隊内で雪像コンクールを行っていたが、1963年には雪まつりに合わせて、真駒内駐屯地を一般開放して「真駒内スノーフェスティバル」を催した。これもまた雪像を中心にしたもので、実質的に雪まつりの真駒内会場として機能した。1965年の第16回から真駒内の祭典は、正式に雪まつりの一部になった。
これ以降は、人員と機材を持ち、年々ノウハウも蓄積した陸上自衛隊が、雪像製作の主役となる。後には大雪像のほとんどが陸自の製作か陸自の協力を仰いでの製作になった。
しかし、2001年のテロ対策特別措置法の施行後、陸上自衛隊の協力体制は大きく縮小されることになった。大通公園の大雪像は陸自の担当する数が削減され、長い間親しまれた真駒内会場は2005年の第56回をもって廃止された。
「陸自が担当する雪像数の削減」の理由は、製作の主力となる第11師団の部隊縮小（2008年3月に旅団に改編）で、製作にまわす人的余裕が減ったためである。「真駒内会場の廃止」の理由は、旅団化による規模縮小に加え、アメリカ同時多発テロ以降は、不特定多数の人々に駐屯地を開放することがテロへのリスクを高めることに繋がりかねないという懸念からである。これ以降は、会場への入場希望者に対し事前に審査を行い、問題がない者のみが真駒内会場への入場を許可される入場制限制がとられたが、最終的には会場の廃止となった。
現在、陸自が大通公園で制作する大雪像は5丁目会場と同7丁目会場の2基である。それ以外の民間が担当する大雪像は、長年の経験を持つ自衛隊OBの協力の下に、民間企業・地域住民などによる共同作業にて制作している。

現在の雪まつりと課題
大通会場の一部の大雪像の製作やつどーむ会場の雪像製作、会場運営は札幌市からの職員派遣のほか、市民ボランティアの参加も募っている。道外からのボランティアの参加も少なくないが、人員の流動性が高く、謝礼（共通ウィズユーカードの配布）を取りやめたこともあり、公募しても定員に達しないなど減少傾向にある。
雪まつりシーズンに合わせて、札幌近郊の宿泊施設の料金を1年で最も高く設定したり、飲食店が「特別メニュー」と称して実質値上げを行うなど、雪まつり期間中の「便乗値上げ」（雪まつり価格）も長年の問題となっている。近年はかつてほどの値上げは鳴りを潜めつつあり、宿泊施設の料金も「初夏のオンシーズンと同程度の料金」にまで落ち着いているとする見解もある。
さらに景気の低迷や地球温暖化などの影響も受けており、1990年代後半に入ると、民放各局で全国放送されていた雪まつり特別番組が姿を消したが、2017年の第68回で雪まつり特番がNHKラジオにて事実上復活した。2010年の第61回では、スポンサー減少などの影響で、全会場で展示される氷雪像が前年比で44基減少したほか、札幌テレビ放送（STV）が長年単独で運営していた大通西10丁目会場から撤退し、大通西4丁目会場を読売新聞北海道支社と共同で運営した（その後読売新聞が撤退）。近年は会場に企業の宣伝ブースやPRキャラクターの雪像が増える一方で、市民が参加できる「市民雪像」は高い抽選倍率にもかかわらず数が減らされ、2000年ごろに160基程度あったものが、2016年に80基まで半減されている。
また、2013年以降、右派系市民団体「在日特権を許さない市民の会」（在特会）のメンバーなどが、雪まつりシーズンを含め、1年を通して会場周辺で韓国人への中傷などのヘイトスピーチを伴うデモ活動や街頭宣伝を行っており、札幌観光協会は「国際都市、多文化共生を掲げる市のプロモーションに悪影響を及ぼす可能性もある」として警戒を強めている。
2020年12月10日、札幌市長の秋元克広は、新型コロナウイルスの感染拡大が続いていることを理由に、2021年2月開催予定であった第72回目の開催を見送り、オンライン開催する意向を発表した。来場型としての中止は史上初である。なおこの年は本来は「第72回」として行う予定だったが、この年は回次表示をせず、実質「第72回」は1年延期の形をとった。
2022年の雪まつりについては、コロナの感染再拡大を予防する観点から、2021年11月26日に大通り公園会場の1 - 7丁目のみに会場を集約し（大通り公園8 - 11丁目と、すすきの、つどーむの各会場は2021年度に引き続き中止）、目玉となる大雪像は作らず、また飲食・物販など協賛各社提供のブース・展示なども行わず、中小規模の雪像を10基程度（大通り公園4 - 7丁目）とイルミネーションの点灯（ただし、雪まつり自体が中止になってもイルミネーションは点灯する予定）に特化した通過鑑賞形式と、会場の様子をインターネット中継で上映するハイブリッド型で行うことを決定（ただし、今回の開催正式決定後においても、感染拡大などが発生した場合は開催中止や規模縮小を再検討すること、また規模縮小の内容を表現する副題を付けることも検討するとしていた）。このように規模縮小ながら会場に雪像を設けて鑑賞してもらう形での開催は2年ぶりとなる予定だった。
当初設置が予定されていた大通り公園会場の雪像には、「テアティナー教会」を再現したものを中心に、漫画「呪術廻戦」「僕のヒーローアカデミア」などのキャラクター雪像、さらに初音ミクの雪まつりバージョン「雪ミク」や、2023年から北海道日本ハムファイターズが専用球場として使用する予定であるエスコンフィールド北海道を再現したものなどを含め10基程度を公開する予定になっていた。
2022年1月に入り、既に雪の輸送や雪像制作に取り掛かるも、雪像搬送の開始式典は中止。陸上自衛隊の雪像づくりへの参加も行わないなどの中で準備が進められていたが、新型コロナウイルスの変異株「オミクロン株」の感染が急拡大しており、札幌市長・秋元克広は実行委員会に対し、1月14日に開催規模の再縮小やオンライン開催への特化などを含めて再検討を要請、「今後感染者や病床使用率がさらに上昇する恐れがあり、現状では全国から多くの観客が予想される大規模イベントを行うことは困難な状態」として、1月19日、正式に大通り会場の雪像展示を含めた、会場展示型のイベントを完全中止し、オンライン開催のみとすることが発表（ただし「第72回」の回次はそのままオンライン開催のみでも生かされる形とする）され、来場型としては2年連続の中止となった。すでに大通り会場で製作中だった雪像も完成させずに撤去・解体され、代わって「雪ミク」など当初大通り会場に設置が予定されていた中小規模の雪像の一部を、羊蹄山展望台など札幌市内各地（羊蹄山以外は会場非公表、かつ原則入場不可）に設置、ないしはバーチャル大通り公園会場で公開し、その製作工程と作品を2月5 - 28日にオンライン上映した。
2023年は第73回大会を「札幌市政施行100周年記念」のサブタイトルを付けて2月4日 - 11日にかけて、大通り公園とすすきのの2か所で行う予定で、つどーむは3年連続で中止する。今回は大雪像を3年ぶりに再開し、5基展示するほか、中小雪像、市民雪像、大通り1丁目会場はウィンターアトラクションと題したミニライブやトークショーなどを行う予定である。またコロナの感染状況を鑑みて「国際雪像コンクール」と飲食の屋台ブースの設置は見送るが、物販などその他自治体・協賛諸団体のPRブースは設置予定である。コロナ感染症対策として、雪像製作者に向けては休憩所の喚起やアクリルパーテーションの設置、必要に応じて休憩時間の分散や休憩所の増床、飲食時以外はマスクを着用、手指の消毒、手洗いの励行の徹底、来場者に向けても入場時のマスク着用など基本的な感染対策の徹底、通路の一方通行、鑑賞スペースと導線確保、定期的な場内放送などを行う。市民雪像も3年ぶりに再開するが、雪像の設置場所は従来の公開抽選ではなく、コンピューターによる自動抽選で指定された場所で雪像を設置する。参加募集チームは80チーム（補欠5含む）程度。
2024年の第74回は2月4日 - 11日の8日間、2019年以来4年ぶりの通常スペックに戻り、大通り会場も西1-12丁目全体、つどーむ、すすきの（南4条通り～南7条通りまでの駅前通り）もすべて使用して行われることになった。またこの通常開催に戻すにあたり、4年ぶりとなる国際雪像コンクールの審査も行われたほか、つどーむでの雪体験コンテンツなどのイベントも復活した。この期間、大通りとつどーむの2会場の累計観客動員数は238万9000人に上り、このうち大雪像などが展示された大通り会場は2023年から1万3000人（0.7%）増加の176万3000人を数えた。特に、大韓民国・台湾・香港などの極東アジアを中心に来訪者が集まったとされる。またつどーむの体験型アトラクション会場も62万6000人が集合し、1日平均はこれまでの最多6万7000人を上回る7万8000人。またすすきのの雪像会場も22.9％増加の113万6000人が来場したという。

雪像ができるまで
大通公園を彩る大雪像の準備は前年の秋ごろから行われ、制作を担当する陸上自衛隊や市民ボランティアの雪像制作団体によって雪像のモデルとなる建造物などの資料の収集や必要に応じて現地の視察などが行われてデザインが検討される。その後粘土や木材などを使って精巧な模型が作られ、12月末に行われる実行委員会の会場で公開される。
雪像に使う雪は不純物のない純白なものが求められ、札幌近郊のサッポロさとらんどやモエレ沼公園、石狩湾新港などから集められる。降雪が少なく近郊での確保が難しい場合は、採雪地の範囲を中山峠や千歳市のオコタンペ湖畔などの山間部まで広げることもある。雪不足だった2007年の第58回では、採雪地を求めて陸上自衛隊のヘリコプターも出動した。大通公園で使用される雪は5トントラックでおよそ6,000台分で、正月明けの1月7日ごろから1月中旬にかけて札幌市内では「雪まつり雪輸送」のプレートを掲げた陸上自衛隊のトラックが雪を山積みにして走っているのを見ることができる。大通公園の大雪像制作に民間が参加してからは民間のダンプカーも輸送に加わるようになった。
運ばれた雪は重機によって高く積んで押し固められ、削るのに必要な巨大な雪のブロックが作られる。足場も組まれ、さながら建築現場のようである。そこから先の雪像制作方法はそれぞれの雪像制作団体で独自の技法やノウハウがあり異なるが、主にブロックをスコップなどで荒削りをして大体の形を作り、さらに細かく削って細部を作り、最後に「化粧雪」と呼ばれる新雪を貼り付けて仕上げる。小さい部品などは別にパーツとして作って取り付ける。制作作業は重機や刃物などが使われ危険なため、大通公園への立ち入りが一部で規制される。このため間近での見学は難しいが、敷地外の公道から様子を見ることはできる。

雪像の制作にはほぼ1か月を要し、完成して実行委員会に引き渡されるのは雪まつり開幕の前日である。開催中は係員が会場に常駐し、雪が降って積もった場合は雪払いを行い、融けたり傷んだりした場合はその都度補修するなど、絶えずメンテナンスを行って雪像の美しさを保っている。痛みが激しい場合は夜を徹しての補修作業も行われる。
市民雪像の制作期間は開催直前の5日間で、あらかじめ用意される2メートル四方の雪山を削って作られる。細かいルールが設けられていて、規定サイズ以上のはみ出しや文字入れなどは認められない。デザインはその年の干支や流行、時勢を反映したものから、地元スポーツチームのマスコットや有名なアニメ、道内に生息する動物、ゲームのキャラクターなど様々で、短い制作期間ではあるが大雪像に劣らないほどの仕上がりを見せたり、遊び心のある風刺が効いた作品も多い。
すべての雪像は、倒壊などの危険防止のため雪まつり閉幕の翌日には重機ですべて解体され、姿を消す。解体後に発生する雪山はしばらく公園に残され、一部がソリ遊び用などに再利用されるが、札幌市内の排雪作業が一段落する3月上旬にトラックで運び出され、大通公園に春を呼ぶ準備が始まる。

開催会場
現行の会場
大通会場
会場：大通公園（大通西1〜12丁目）
最寄駅：札幌市営地下鉄大通駅・東西線西11丁目駅
雪まつりのメイン会場である。各エリアごとに幅40メートルほどの大雪像・中雪像1または2基（もしくは氷像）と「市民雪像」と呼ばれる2メートル四方程度の小雪像十数基を見ることができるほか、近年ではスケートリンクや歩くスキーの体験ができるスペースが登場するなど参加型コンテンツも増えている。
大雪像が制作されるのは4丁目〜10丁目会場で、1丁目〜3丁目は会場下に地下街および地下駐車場があるために重量級の大雪像は設置されず、スケート場・氷像・スノーボードジャンプ台がメインの会場となる。
市民雪像制作には札幌市民だけでなく在日米軍三沢基地など国内各地からの参加があり、毎回定数に対し3〜4倍の申し込みがある。また11丁目の国際会場では「国際雪像コンクール」が行われ、札幌市の姉妹都市であるアメリカ合衆国ポートランド市をはじめ、各国から参加して技を競っている。
開催直前の完成間近な雪像の見物や閉幕後に行われる雪像解体の見物も人気があるが、これらは来場者数にカウントされない。
2021年度は前もって中止が決定。2022年度は前述の通り、大雪像を作らないことや各種飲食・物販など協賛各社のブースを設置しないこと、8-11丁目会場を休止することを前提として1丁目〜7丁目会場のみに中小雪像を設置する通過展示型で行うことが一度決まっていたが、直前になり最終的に全面中止となった。

すすきの会場
会場：札幌駅前通の南4〜7条（開催時間内は車輌通行止めになる）
最寄駅：南北線（すすきの駅・中島公園駅）・東豊線豊水すすきの駅

「すすきのアイスワールド」と呼ばれ、すすきの氷の祭典実行委員会が主催するものだが、雪まつりの会場の一つとして位置付けられている。その名の通り氷像が展示の中心である。料理の飾り付けとして氷や野菜を彫刻する技能を生かした、近隣ホテルの調理人たちの手による作品が多い。
2021年度と2022年度は前もって開催中止が決まっていた。

つどーむ会場
会場：札幌コミュニティドーム（つどーむ）
最寄駅：東豊線栄町駅（期間中はシャトルバスも運行）
2009年の第60回からサッポロさとらんど会場より移転。雪まつりの「第2会場」に位置づけられ、主に雪像を見て楽しむ大通会場に対し、実際に雪と触れ合うことができる参加型の会場として子供連れの家族や観光客から人気がある。
雪で作られたすべり台や迷路が設けられるほか、雪だるま作りや雪上ラフティングなどが体験できる。またドームも開放し休憩所とするほか飲食コーナーや遊具などで楽しむことができる。
2021年度 - 2023年度は前もって開催中止が決まっていた。

かつての会場
荒井山会場
会場：荒井山スキー場
1956年の第7回のみ、第2の会場として使用。同スキー場は中央区宮の森に2000年まで存在した民間のスキー場。

中島公園会場
会場：中島公園
最寄駅：南北線中島公園駅
1990年の第41回から大通・すすきの・真駒内に次ぐ第4の会場として加えられたが、1992年の第43回をもって終了。
2005年には真駒内会場に代わる新たな会場の候補となるが、観光バスの駐車スペースが無いなどの理由で選ばれなかった。

真駒内会場
会場：陸上自衛隊真駒内駐屯地
最寄駅：南北線自衛隊前駅
1965年、第2の会場として陸上自衛隊真駒内駐屯地内に会場を設け、陸上自衛隊員が主体となって開催されていた。主に大雪像を見て楽しむことと大雪像のすべり台が目玉。交通の利便性も良く、子供連れの家族や観光客から人気があった。会場内には、ミニSL（ライブスチーム）の乗車施設・映画館・飲食店舗・土産物店が存在したが、2001年のアメリカ同時多発テロを機に、安全管理上の問題を考慮して2005年の第56回をもって終了、41年の歴史に幕を閉じた。

さとらんど会場
会場：サッポロさとらんど（さとの広場、さとらんど交流館）
最寄駅：東豊線環状通東駅よりバス
2006年の第57回から真駒内会場より移転し、市民ボランティアや学生が中心となった運営に変更された。しかし来場者による交通渋滞と駐車場不足が問題となって、2008年の第59回をもって終了、会場をつどーむに変更された。

年表
雪像の倒壊事故
2012年2月7日、第63回雪まつり開催中に大通会場6丁目会場に設置されていた『雪ミク（初音ミク）』の小雪像が倒壊。崩れた雪が観光客の女性にぶつかり軽傷を負う事故が発生した。雪像の崩落・倒壊で負傷者を出す事故は雪まつり史上初。雪像のデザインが頭が大きく、足が細いデザインでバランスが悪かったこと、2月6日の気温が3.3度、7日の気温が2.2度と3月上旬から中旬並みの気温で暖かく雪像がもろくなったことが原因とみられている。これを受けて実行委員会は倒壊の危険性のあるとして大雪像や市民雪像10基を全部、または一部取り壊した。『雪ミク』は雪まつり実行委員会とスポンサー企業が業者に発注して制作したものだが、事故再発防止の矛先は市民雪像に向けらけ、既存のルールを明確、かつ強化した「市民雪像ガイドライン」が策定された。

さっぽろ雪まつり資料館
豊平区羊ヶ丘のさっぽろ羊ヶ丘展望台に「さっぽろ雪まつり資料館」がある。これは同展望台を管理運営する社団法人札幌観光協会により2001年に開設された。ここには過去に制作された雪像の模型や写真パネル、歴代のポスター、グッズなどが保存、常設展示されている。
この他、南区真駒内の陸上自衛隊真駒内駐屯地内にある史料館にもさっぽろ雪まつりコーナーがあり、陸自が過去に製作した雪像の模型をはじめとする雪まつり関連資料が展示されている。これは1985年10月に、当時の第11師団長の発意により隊内に残されていた資料を収集整理して設けられた。この史料館には他に、札幌オリンピック支援に関するコーナーもある。
真駒内駐屯地史料館は雪まつり会期中には一般公開される。会期外の見学は第11旅団司令部広報室へ要申請。

テレビ特別番組
雪まつりの模様を伝える特別番組として、過去に札幌テレビ放送（STV）制作・日本テレビ系列で『ザ・雪まつり』、北海道テレビ放送（HTB）制作・テレビ朝日系列で『雪まつりバラエティースペシャル』→後に『雪まつりドラマスペシャル』（1996年・1997年。1998年以降も2014年まで『HTBスペシャルドラマ』として放送）が全国ネットで放映されたが、不況の影響などにより、いずれも1990年代後半までに廃止された。近年では道内テレビ局が全国ニュース枠を使った短時間の中継を行うにとどまっているが、ジェイコム札幌では自社で雪まつり特番を制作して全国のケーブルテレビ局へ配信している。

公式イメージソング
実行委員会が、雪まつりにふさわしい健康的で明るい歌を作ろうと歌の歌詞を全道から公募、三笠市の吉田隆鯉の作品が入選、この歌詞に、桑山真弓が曲を付け、1962年の第13回雪まつり会場にて「雪まつりの歌」として発表される。後に札幌観光協会・北海道新聞社・北海道放送によりレコード化。
ジョージ・佐藤「燃える恋の雪花火」（作詞・作曲：浜口庫之助、編曲：竜崎孝路 1977年制作）
1979年、第30回を記念し、「さっぽろ雪まつり音頭」（作詞：平幸雄、作曲：澤昭夫、歌：春日八郎）が制作され、泉流家元泉徳右衛門の振付で披露された。
舟田淳子とティーンズクルー「SAPPORO SNOW FESTIVAL」（作詞・作曲：梶原正毅・舟田淳子 1982年制作）

映像作品
香港の星（1962年 東宝 キャセイ・オーガニゼーション）
一日だけの恋人（2016年 タイ・GDH_559）

その他
実行委員会非公認ではあるが、自衛隊と民間業者による閉幕後の雪像の取り壊しの際に、毎年旅行会社のツアーが組まれており、観光客に人気がある。取り壊しの際のパワーショベルにはキリン柄などの派手なペイントが施されている。

脚注
参考文献
札幌市教育委員会文化資料室編 『雪まつり』 北海道新聞社〈さっぽろ文庫 47〉、1988年、ISBN 4-89363-046-6
『第50回さっぽろ雪まつり記念写真集別冊 記録・資料編』 第50回さっぽろ雪まつり実行委員会、1999年

関連項目
旭川冬まつり
もんべつ流氷まつり
ハルビン氷祭り
日本の祭一覧

外部リンク
さっぽろ雪まつり公式サイト - さっぽろ雪まつり実行委員会
オンラインさっぽろ雪まつり2022
さっぽろ雪まつり資料館 - さっぽろ羊ヶ丘展望台公式WEBサイト",N/A
6a28f6aa-40f1-4578-bd0c-5630a162158d,旭川冬まつり,https://ja.wikipedia.org/wiki/%E6%97%AD%E5%B7%9D%E5%86%AC%E3%81%BE%E3%81%A4%E3%82%8A,旭川冬まつり,旭川冬まつり（あさひかわふゆまつり）は、北海道旭川市で、毎年2月上旬に行われる雪まつりである。1960年（昭和35年）に第一回が開催された。北海道を代表する冬のイベントの一つで、さっぽろ雪まつり（約200万人）に次ぐ規模の入場者数（約100万人）を誇る。海外からの観光客も多い。,"旭川冬まつり（あさひかわふゆまつり）は、北海道旭川市で、毎年2月上旬に行われる雪まつりである。1960年（昭和35年）に第一回が開催された。北海道を代表する冬のイベントの一つで、さっぽろ雪まつり（約200万人）に次ぐ規模の入場者数（約100万人）を誇る。海外からの観光客も多い。

概要
1947年（昭和22年）から行われていたイヨマンテ（熊祭り）を前身とする。メイン会場は、当初は市内の常磐公園であったが、1986年（昭和61年）から隣接する石狩川河川敷の旭橋のたもとに移された。
会場が広くなったことを受けて雪像の巨大化が進み、翌1987年（昭和62年）のメイン雪像の「ガリバー城」は、世界一大きな雪像としてギネスブックに掲載された。その後、1994年（平成6年）には、旭川市の姉妹都市である韓国水原市にある世界遺産・華城の雪像で記録を更新している。これほど大きな雪像が作られる背景には、敷地が広いという条件だけでなく、同時期に開催されるさっぽろ雪まつりがマスコミなどを通して全国的な注目を集めるのに比して知名度が及ばないため、雪像の大きさで道外に祭りの存在をアピールしたいという主催者側の思惑があるといわれている。
これらの大雪像は、市内に駐屯する陸上自衛隊第2師団の諸部隊が中心となって約1か月の時間をかけて製作するが、その周辺には、市民のグループが製作する小雪像が立ち並ぶ。
大雪像前にはステージが設けられ、期間中音楽、舞踊、お笑い、ラジオ番組の公開録音などのイベントが行われ、最終日の夜には花火がフィナーレを飾る。周辺には氷の滑り台、チュービング、巨大迷路、スノースクート、ミニ列車、馬そり試乗などのアトラクションも用意され、「冬マルシェ」と称する飲食や土産物販売の出店もある。
近年は小学校や地域の通りに雪だるまの他、光や紙細工を使ったオブジェを設置し、幻想的な世界を演出した「あさひかわ雪あかり」が好評を博している。
2004年（平成16年）からは氷神輿の製作と渡御が行われている。
また、サブ会場としては、平和通買物公園や七条緑道なども利用され、特に買物公園は1973年より毎年開催されている「氷彫刻世界大会」の会場として旭川市民や観光客になじみの存在となっている。
2021年（令和3年）に予定されていた第62回は、さっぽろ雪まつり同様、新型コロナウィルス感染拡大を懸念して来場型開催を中止。オンラインでの開催に変更された。

歴史
1960年（昭和35年）- 第1回が開催される。
1986年（昭和61年）- 会場を石狩川河川敷まで拡張し、そこをメイン会場とする。
2004年（平成16年）- 氷御輿の制作と渡御を開始。
2009年（平成21年）- 第50回目を迎える。

アクセス
期間中、JR旭川駅前から4条7丁目(乗車専用)を経て会場に向かう無料シャトルバスが運営される。帰路は、4条9丁目(下車専用)経由で旭川駅までとなる。また、会場と旭山雪の村・旭山動物園を結ぶ無料シャトルバスも若干運行される。
旭川駅からは、氷彫刻世界大会の作品を見ながら平和通買物公園を進み、七条緑道、常盤公園を通って会場まで約1.5kmを徒歩で向かうこともできる。

関連項目
もんべつ流氷まつり
層雲峡氷瀑まつり（層雲峡温泉）
日本の祭一覧

外部リンク
旭川冬まつり公式サイト",N/A
6d8d99d7-a83a-4957-82da-fda420196dd8,小樽雪あかりの路,https://ja.wikipedia.org/wiki/%E5%B0%8F%E6%A8%BD%E9%9B%AA%E3%81%82%E3%81%8B%E3%82%8A%E3%81%AE%E8%B7%AF,小樽雪あかりの路,小樽雪あかりの路（おたるゆきあかりのみち、Otaru Snow Light Path）は、1999年（平成11年）より開催されている、例年2月に北海道小樽市で開催されている雪とろうそくの祭典で、冬の北海道を代表するイベントである。小樽雪あかりの路実行委員会（中村全博 実行委員長)が主催し、市民や地元商店街、町内会、企業、学校やボランティアなどが支えている。期間中は歴史的な街並みの中に並べられた無数のキャンドルによって幻想的な雰囲気が演出され人気が定着しつつある。近年は、50万人前後の来場者数を記録している（過去最高は第10回（2008年）の57万5000人）。地元では「雪あかりの路」の通称で親しまれている。,"小樽雪あかりの路（おたるゆきあかりのみち、Otaru Snow Light Path）は、1999年（平成11年）より開催されている、例年2月に北海道小樽市で開催されている雪とろうそくの祭典で、冬の北海道を代表するイベントである。小樽雪あかりの路実行委員会（中村全博 実行委員長)が主催し、市民や地元商店街、町内会、企業、学校やボランティアなどが支えている。期間中は歴史的な街並みの中に並べられた無数のキャンドルによって幻想的な雰囲気が演出され人気が定着しつつある。近年は、50万人前後の来場者数を記録している（過去最高は第10回（2008年）の57万5000人）。地元では「雪あかりの路」の通称で親しまれている。

沿革
1997年に小樽観光誘致促進協議会で、小樽市の観光の問題点について話し合われた結果、冬季の集客が最優先課題とされた。小樽は小樽運河やガラス工芸などで全国的に知られた観光地となり、多くの観光客が小樽を訪れるようになったが、観光客が訪れる時期は多くが5月から9月であり、冬季はオフシーズンとなり、観光客の姿は市内からほとんど消えてしまっていたのである。小樽の冬のイベントとしては、雪像や滑り台を作り、キャラクターショーなどの催しを行う「ウインターフェスティバル」があり、1998年2月で23回目を迎えていたが、「マンネリ」との指摘も強く、観光関係者から「冬の観光をアピールする新たなイベント作りが急務」との声が出ていた。
1999年2月には小樽でスキー国体が開催されることから、小樽観光誘致促進協議会で、国体開催期間に合わせて何らかのイベントを開催して冬季の小樽観光を全国にPRすることが話し合われた。小樽市、小樽商工会議所などからも賛同を得られことで、開催が正式に決定した。「寂しい、暗い」というイメージを一新するため、ろうそくの明かりで運河や町を照らし出すこと、手宮線跡地に雪のトンネルと広場を設置すること、出店を設けることなどの企画が発案され、開催に至った。官庁からの押しつけでなく、市民の声から生まれたイベントという点が特徴である。小樽雪あかりの路というイベントの名称は、小樽の冬を感じさせる言葉として、小樽出身の文学者である伊藤整の詩集「雪明りの路」に由来している。

会場
手宮線会場と運河会場が、メイン会場となっている。第14回（2012年）では、市内46会場で行われた。

手宮線会場
運河会場
運河プラザ
朝里川温泉会場
天狗山会場
あかりの路会場（市内各会場）
小樽駅
南小樽駅
小樽築港駅
銭函駅
中央通り
日銀通り
寿司屋通り
堺町通り
都通り商店街
サンモール一番街商店街
花銀商店街
梁川通り商店街
メルヘン交差点
南小樽地区
ぱるて築港地区
天狗山地区
小樽市役所
幸町雪あかりの街

交通アクセス
期間中は中央バスによる循環バス「雪あかりの路ろまん号」、天狗山会場へ「小樽夜景シャトルバス」などが臨時運行される他、高速おたる号（北大経由）の一部が小樽運河ターミナルまで延長運行される。
小樽の玄関である小樽駅および小樽ICから小樽運河までの所要時間・距離は以下の通りである。有料駐車場は会場周辺の各所にあり、市が作成しているパンフレットの地図においてもそれが案内されている。

「小樽駅」より徒歩で約10分・約0.6km
「小樽IC」より道道臨港線経由で約3分・約2km

開催期間
近年はさっぽろ雪まつりとほぼ重なる期間に開催されている。2016年は全日程で好天に恵まれたことや、春節（旧正月）と重なったことでのアジア圏の観光客の増加により、来場者数は2011年開催の第13回以来の50万人超えとなった。それ以降の来場者数の減少の理由については、2017年は建国記念日が土曜日と重なって休日が1日減ったこと、2018年は冬季オリンピックと重なったことやインフルエンザの流行、2019年は開催初日の大寒波、2020年は日韓問題や新型コロナウイルス感染症の流行などによる観光客の減少と分析されている。
2021年は新型コロナウイルス感染症拡大により、開催自体が初の全面中止となった。代わってYouTubeに公式チャンネルが設けられ、本イベントでピアノ演奏をしていたピアニストの平間さと子による演奏の模様や、過去の歴史を振り返る歴代ポスターなどが紹介された。また一方では小樽市内の病院、企業、商店街、個人の自宅などで自主的にキャンドルを灯す運動が開始されており、その模様がFacebookなどSNSでも発信され、イベントに対する想いや、コロナ禍を乗り越えたいとの市民たちの声が呼びかけられた。
2022年以降もコロナ禍の影響で、来場者数の減少傾向が続いている。2022年は当初は実行委員会により「コロナ禍で止まった冬の観光客の足を復活させたい」と意見があったものの、「従来通りの開催は危険性が高い」とも考えられたことで、例年約1週間のところを3日間に短縮、メイン会場は小樽運河のみとするなど、規模を縮小しての開催が想定されていた。コロナ禍で韓国人ボランティアなどの入国が困難となり、人手不足も縮小の要因となった。その後の感染症拡大の影響に加えて、まん延防止等重点措置が適応されたことで、メイン会場を設定せず、小樽市内から協力者を募集し、町中でろうそくのあかりを灯す方向で開催された。事務局によれば、9個入りの公式ろうそく1万袋が用意され、約5500袋が人々に手渡され、自宅前や商店街など、市内随所で雪あかりが実施された。
2023年は、3年ぶりに通常開催となった。同年は小樽運河完成から100年を迎えるため、運河会場が北運河エリアまで拡大された。一方で経費削減や人手不足から、人気のあったメイン会場の内の手宮線会場（旧国鉄手宮線跡地）は、それまでの約500メートルから約20メートルほどと大幅に縮小され、朝里川温泉会場の開催も中止された。こうした影響もあって、運河周辺の観光客からは「寒くなったらすぐホテルに戻れる」と好評だった一方で、小樽駅や小樽運河周辺以外の飲食店から客足が遠のくといった問題もみられた。小樽市内の飲食店を食べ歩きできる「おたべるトクトクきっぷ」も、コロナ禍前の2019年には300枚を売り上げたにもかかわらず、2023年の開催最終日の売上は100枚ほどであった。また、来場者数は3年前の通常開催時の約8割に落ち込んだ。原因は、開催期間が8日間と短かったこと、さっぽろ雪まつりと重複した日程が1日だけだったこと、期間中の悪天候、中国からの入国者に対するコロナ水際対策強化の影響とみられている。
2024年は、コロナ5類移行後の初の開催であり、メイン会場が運河会場と手宮線会場に拡大された。初日は大雪のために、ろうそくに火を何度つけても消えてしまい、2月13日と14日は逆に記録的な暖気のためにオブジェが溶けてしまうハプニングもあった。5類移行後で来場者の増加が期待されたものの、さっぽろ雪まつりと重なる初日が悪天候で来場者が減少したことが響き、最終的な来場者数は2023年と同程度に留まった。
2025年は訪日客の回復により、前年を上回る来場者数が見込まれていたものの、降雪や吹雪、さらに2月12日は雨のために終了時刻を前倒しするなど、悪天候が災いして来場者数が伸び悩み、1999年の第1回に次ぐ少なさとなった。一方でボランティアでは、小樽市内での有志団体の活躍に加えて、韓国のボランティア団体「OKOVO（オコボ）」の来場者が6年ぶりに40人台、台湾の団体である「友好（ヨーハオ）」が過去最多の46人に上るなど、日本国外の団体の活躍も目立った。

受賞歴
2004年 - 国土交通省主催「平成16年度手づくり郷土賞」地域活動部門受賞
2006年 - 一般財団法人 地域活性化センター主催「第10回ふるさとイベント大賞」大賞（内閣総理大臣賞）
2018年 - 国土交通省主催「平成30年度手づくり郷土賞」グランプリ（同賞の受賞は北海道初）

類似イベント
なら燈花会 -奈良市内（奈良公園一帯）で開催されるろうそくを使用したイベント
会津絵ろうそくまつり
飛鳥光の回廊 -奈良県高市郡明日香村で毎年実施されるろうそくを使用イベント
光輝く氷のぼんぼりとかまくら祭- 栃木県日光市
弘前城雪燈籠まつり-青森県弘前市雪燈籠やミニカマクラにろうそくのイベント

脚注
外部リンク

小樽雪あかりの路 official website
小樽雪あかりの路公式チャンネル - YouTubeチャンネル",N/A
467ecca3-9213-490b-8e70-eb93029ddcda,北海道神宮例祭,https://ja.wikipedia.org/wiki/%E5%8C%97%E6%B5%B7%E9%81%93%E7%A5%9E%E5%AE%AE%E4%BE%8B%E7%A5%AD,北海道神宮例祭,北海道神宮（ほっかいどうじんぐう）は、北海道札幌市中央区にある神社（神宮）。円山公園に隣接する。1964年（昭和39年）までは札幌神社。旧官幣大社であり、現在は神社本庁の別表神社。また、全国一の宮会より蝦夷国新一の宮に認定されている。,"北海道神宮（ほっかいどうじんぐう）は、北海道札幌市中央区にある神社（神宮）。円山公園に隣接する。1964年（昭和39年）までは札幌神社。旧官幣大社であり、現在は神社本庁の別表神社。また、全国一の宮会より蝦夷国新一の宮に認定されている。

概要
北海道の開拓当時樺太・千島に進出を進めていたロシア帝国に対する守りということで、大鳥居が北東を向いている。末社である開拓神社には間宮林蔵などの北海道開拓の功労者が数多く祀られている。
北海道神宮崇敬奉賛会がある。
『北の志づめ』という小冊子が社務所から発行されている。

祭神
大国魂神（おおくにたまのかみ）
大那牟遅神（おおなむちのかみ、大国主命〈おおくにぬしのみこと〉の別名）
少彦名神（すくなひこなのかみ）
明治天皇（めいじてんのう）

歴史
構想
江戸時代から松浦武四郎による石狩大社の構想などがあり、蝦夷地・石狩に大社を建てる構想は早くからあった。
箱館八幡宮の宮司菊池重賢は、箱館八幡宮の末社としてサッポロに石狩鎮守八幡宮を建立する案を持っていた。この案は神祇管領の吉田家により承認されていたが、開拓使の設立によって実現はしなかった。後に菊池重賢は北海道神宮（当時は札幌神社）の事実上の初代宮司となった。
開拓大主典（判官）の相良正勝は、北海道に置かれた11国のうち、札幌に一ノ宮を建て、その他の10国にもそれぞれ一ノ宮を建てて札幌の一ノ宮の下に置くという体系を提言したが、採用されなかった。
後述する島義勇は、開拓三神ではなく、当初は大名持神（大国主）、少名彦に加えて、飛鳥時代に蝦夷討伐を行った阿倍比羅夫を合わせ、三神として祭祀する案を出したが採用されなかった。

開拓三神
北海道の開拓は明治初年から懸案事項となっていたが、開拓にあたって、明治天皇は北海道鎮護の神を祭祀するよう勅を発した（明治2年9月21日）。北海道開拓の守護神として、大国魂神・大那牟遅神・少彦名神の開拓三神が奉遷されることになった。北海道鎮座神祭が行われ、開拓長官の東久世通禧以下23名らが参列した。神祇伯中山忠能によって祭祀が行われ、三面の神鏡が東久世通禧に託された。
開拓使の一行は英国船テールス号で品川から函館へ到着した。東久世通禧は函館に赴任したが、函館は北海道の南端にあり、全土を管掌するにはより中央部に行かなければならなかった。そこで、東久世通禧の名代として島義勇が三神鏡を携えて札幌に赴くことになった。島義勇は自ら神体を背負い、雷電、黒松内、岩内、余市を経て10月に銭函に到着した。札幌に官舎が完成してすぐの12月3日に札幌に移った。

仮社建設まで
これより古く、安政4年（1857年）から福島出身の早山清太郎が札幌に住み着いていた。早山清太郎は豊平街道と元村街道の辻に小祠を建て、周囲からは当時一般的な山神を祀るべきだと言われるにもかかわらず、出雲神を祀っていた。
札幌に着任した島義勇は、明治天皇から預かった開拓三神を既に早山清太郎が札幌で祀っていたことに感銘を受け、1870年（明治3年）5月に北海道 (令制)石狩国札幌郡の創成川河畔に仮社殿を造り、官舎から神代を移して開拓神勅祭社とし、北海道一宮と称した。
仮社のあった場所は2通りの説があり、定まらない。一つは現在の札幌市北区北6条東1丁目、もう一つの説は北5条東1丁目で、通りの北側か南側のいずれかということになる。『北海道神宮史』では、各種の史料と当時の地図を検証し、北5条東1丁目が正しいであろうとしている。
早山草太郎は後述の通り、現在の北海道神宮の位置選定に携わった。その後も札幌神社に関わり、昭和30年代までは毎年の祭りの神輿渡御の先頭を務めていた。

札幌神社の成立
1871年（明治4年）6月14日に勅旨によって札幌神社と命名され、国幣小社に列せられた。当時の東久世通禧の日誌によると、明治天皇の勅命によって奉斎されたことから、札幌神社は勅祭社と同様の扱いとされた。

一宮か
『北海道神宮史』によると、正式に「一ノ宮」とされたことはないが、一般には「一ノ宮」と呼ばれていた。上述のように、構想段階ではしばしば「蝦夷地一ノ宮」とか「北海道一宮」と称するものがあったものの、これらが採用されたことはない。しかし、当時の史料や後世の文献でも「一宮」と称する例は多くみられ、例えば当時作られた札幌の地図では「一之御宮」と記されている。北海道神宮（当時は札幌神社）の創建の際、神職の選任にあたって函館本願寺の僧が選ばれたが、この時も「北海道一ノ宮の神職」として発令された。

円山移転
島義勇は早山清太郎を地理係に雇い入れて本格的な神社用地を探させた結果、三方を山に囲まれ一方が開ける丘となる円山（当時は藻岩村大字圓山）の地が相応しいとして社地を定めた。島義勇はここに壮麗な社殿を建てようとするが、計画が壮大すぎるために大蔵省からストップがかかって断念した。
この件に限らず、島義勇の札幌の開発計画は壮大で巨額の予算を惜しげもなく投じるもので、6万両の予算をわずか3か月でほとんど使い果たしてしまった。この結果、島はその後まもなく職を解かれてしまうが、東久世通禧は島義勇が定めた円山に新社殿を造営することにした。この時建立された社殿はいちおう「仮宮」ということになった。
1871年（明治4年）6月に鎌倉宮を模した新社殿が落成し、9月14日に遷宮を行った。
翌1872年（明治5年）には官幣小社となった。しかし開拓使の職員にとってはこの昇格は必ずしも望ましいものではなかった。国幣小社であるうちは開拓使に権限があったが、官幣小社に昇格したことで、些事に至るまで神祇省、教部省などの許認可を得る必要が生じてしまった。
初代の宮司に任命された者が札幌に赴任しなかったため、事実上の初代宮司を務めたのは箱館八幡宮の宮司だった菊池重賢である。菊池は札幌神社の宮司であるとともに、開拓使神祗官などの公職にも就いて北海道の神社行政全般を執った。
円山への移転は必ずしもよいことばかりではなかった。当時の円山は札幌の中心部から遠い、道も未整備の山奥で、参詣もままならなかった。道路の整備に充てる資金どころか、神社の運営資金が枯渇し、次々と神職が辞めてしまった。神社で独自の収入を得るため配札を行おうとしたが、官社に指定されたことから開拓使がこれに反対した。開拓使は、札幌神社の申請を却下するよう、教部省に働きかけさえした。配札が許されるには1900年（明治33年）までかかった。

例祭日
当初は9月1日を例祭としていたが、1872年（明治5年）に6月15日を例祭とする勅旨が出た。当時の開拓長官黒田清隆は、6月15日当日は官民をあげて業務を休みとし、参拝（遠方の場合は遥拝）するよう、全道に布告した。これ以降6月15日が札幌祭りの日となって、現在も当日は郷土の日として札幌市内の公立学校などでも半日休業が行われる。
札幌一円の建設業界は一斉に休業する習わしになっている。

戦前・戦中
1889年（明治22年）に、伊勢神宮の式年遷宮により、伊勢神宮の外宮正殿を移築し本社殿とした。
1893年（明治26年）には官幣中社、1899年（明治32年）にはついに官幣大社となった。

北海道神社行政の中心地として
戦前は、地域コミュニティを構成するための国家神道が行われたが、北海道にあっては札幌神社がその中心地となった。札幌神社には皇典講究所の分所が設けられ、北海道内の神職の養成や教布が行われた。
これ以前に北海道の各地にあった神社は、各地方の人々の個々の信仰に拠って建立されたものだったが、これ以降、公式に認可される神社は日本の祭政一致の政治制度の一つとして建てられるようになった。北海道における札幌神社の有り様は、のちに台湾、朝鮮などに建立される外地神社のモデルとなった。

戦後・北海道神宮への改称
第二次大戦後は神社本庁の別表神社となった。
1964年（昭和39年）、明治天皇を増祀し、社名を現在の北海道神宮へと改めた。
1968年（昭和43年）、北海道を行幸啓した昭和天皇、香淳皇后の訪問先の一つとなる。

現代
1974年（昭和49年）11月10日に何者かに放火されて本殿・祝詞殿・内拝殿などが全焼（北海道神宮放火事件）。全焼した建物は4年後の1978年（昭和53年）に再建された。

祭事・年中行事
1月
歳元祭（1月1日）
元始祭（1月3日）
古神札焼納祭（1月14日）＝どんど焼き参照
祈請祭（1月 第3日曜日）
2月
節分祭（節分の日）
紀元祭（2月11日）
祈年祭（2月17日）
天長祭（2月23日）
3月
入学祭（3月 最終日曜日）
小学校に入学する児童の学業成就と心身健全、交通安全を祈願する儀礼行事
4月
島判官慰霊祭（4月13日）
北海道開拓と北海道神宮の創祀に功績のあった島義勇判官を偲ぶ慰霊祭
5月
お田植祭（5月上旬）
6月
例大祭（6月14日～16日）北海道神宮の最大の祭りで札幌まつりとも呼ばれ、札幌の初夏の風物詩として市民に親しまれている
宵宮祭（6月14日）
例祭（6月15日）
神幸渡御（6月16日）
明治11年に開始。現在は一千名ほどの奉仕者により四基の鳳輦と九台の山車が市民の安寧を祈願しながら市中を練り歩く
夏越しの大祓い（6月30日）
8月
開拓神社例祭（8月15日）
北海道開拓の功労者37柱の霊を称える慰霊祭でみたま祭とも呼ばれる
9月
御鎮斎記念祭（9月1日）
開拓3神が御鎮斎された記念の日を祝う
抜穂祭（9月上旬）
神饌田の穂を収穫する
頓宮例祭（9月15日）
10月
神嘗奉祝祭（10月17日）
七五三（北海道では、11月になると寒さと降雪の影響で外出が制約されるため、10月に実施する地域が多い）
11月
明治祭（11月3日）
北海道神宮の創立の断を下し、祭神でもある明治天皇の誕生日を祝う祭礼行事
新嘗祭・新穀勤労感謝祭（11月23日）
12月
師走の大祓（12月31日）
除夜祭（12月31日）
月次祭
月首祭（毎月1日）
月次祭（毎月15日）
旬祭（毎月10日・20日）

施設
北海道神社庁
境内に所在する。
北海道神宮頓宮（とんぐう）
境外末社。開拓三神を祀る。
鉱霊神社（こうれいじんじゃ）
境内末社。北海道鉱業会殉職者御霊を祀る。
穂多木神社（ほたきじんじゃ）
境内末社。北海道拓殖銀行物故者御霊を祀る。「穂多木」とは「ほっかいどう・たくしょく・ぎんこう」の頭文字を清音化して字を当てたもの。
狛犬は珍しくブロンズ製である。

開拓神社
境内末社。北海道開拓功労者37柱を祀る。

交通
札幌市営地下鉄東西線円山公園駅から徒歩15分
札幌ばんけい（ばんけいバス）もしくはジェイ・アール北海道バス「神宮前」停留所から徒歩1分

北海道の標本木
札幌管区気象台が観測を始めた1953年（昭和28年）より58年間にわたり北海道神宮境内にあるソメイヨシノを春のサクラの開花や満開予想を観測する標本木としていた。しかし樹齢約80年の老木となり観測が難しくなってきたため、2012年（平成24年）より札幌管区気象台構内のソメイヨシノに標本木を変更している。

ギャラリー
脚注
注釈
出典
参考文献
『北海道神宮史』上・下巻、北海道神宮、1991年
『札幌の寺社』さっぽろ文庫39、札幌市、1986年
『北海道神社庁誌』北海道神社庁、1999年
『北海道宗教大鑑』株式会社広報、1964年
『北海道拓殖と神社』小笠原省三、海外移住文化研究所、1951年
『蝦夷地の神社の歴史』青木伸剛、2002年
『北海道神社史年表』北海道神社庁、1956年
『北海道神社誌』北海道神社庁、1971年
『神道大系（神社編51 北海道）』神道大系編纂会、1983年
『北海道縁起物語』小林成光、小林興業社、1992年

関連図書
安津素彦・梅田義彦編集兼監修者『神道辞典』神社新報社、1968年、55頁
白井永二・土岐昌訓編集『神社辞典』東京堂出版、1979年、307-308頁
菅田正昭『日本の神社を知る「事典」』日本文芸社、1989年、16頁
上山春平他『日本「神社」総覧』新人物往来社、1992年、58-59頁
『神道の本』学研、1992年、212頁

外部リンク

北海道神宮
北海道神宮|北海道神社庁
北海道神宮 (@hokkaidojingu) - Instagram",N/A
e62fd5ce-6bdc-4f1f-9977-4e75ca0b253f,おたる潮まつり,https://ja.wikipedia.org/wiki/%E3%81%8A%E3%81%9F%E3%82%8B%E6%BD%AE%E3%81%BE%E3%81%A4%E3%82%8A,おたる潮まつり,おたる潮まつり（おたるうしおまつり）は、毎年7月に小樽市で開催される祭り。,"おたる潮まつり（おたるうしおまつり）は、毎年7月に小樽市で開催される祭り。

歴史
1958年の北海道博覧会成功を機に、それまで実施されてきた「港まつり」（1950年から）「競争花火大会」（1953年から）「北海道工業品共進会」（1950年から）「見本市」などを統合する形で、前身である「みなと小樽商工観光まつり」が1959年より開催されたものの「総花的で特色がない」との声もあり一新することとし、月刊おたる編集長の米谷祐司や北の誉酒造の専務等9名の市民によりリニューアルを検討、1967年に第1回「おたる潮まつり」が第3埠頭で開催された。名称は海や港で発展した小樽を見直す意味合いを込めたものとし、「天狗まつり」「海坊主まつり」「黒潮まつり」の候補もあがっていた。
第2回からは埠頭整備などに伴い小樽公園に移されたが、第15回（1981年）からは第3埠頭に戻り現在に至る。
毎年市民及び札幌市など近隣市町村、さらに観光客など100万人前後（過去最多は第4回（1970年）の160万人。最近では50回記念となった2016年の128万人）の出入を記録しており、小樽の夏を代表するイベントとして定着している。
第48回（2014年）は3日目の午後が暴風のため各イベントが異例の中止になった。

概略
基本的に、7月最終日曜日の2日前（金曜日）から3日間開催される。
初日には石狩湾の海水を奉納する「御神水奉納」や、祭りの開催を知らせる「潮ふれこみ」、2日目に「潮ねりこみ」、最終日にレガッタ大会の「潮市民レガッタ」、漁船や屋形船による小樽港内パレードの「潮わたり」が行われる。
また、最終日には大花火大会が行われる。2009年から（2011年除く）は初日にも行われている。

潮ねりこみ
この祭りのメインイベントとも言えるのが「潮ねりこみ」である。
小樽市内外の企業や団体などでチームを結成し、市街地を「おたる潮音頭」「潮おどり唄」を踊りながら練り歩く。中には「とびいりDE踊り隊」と呼ばれる申し込みなしでも参加できる企画も存在する。参加者は約6,000人（2011年は77団体6,142人）にも上る。潮音頭の振り付けは港や船や波など小樽をイメージした表現が織り込まれ、藤間・花柳・若柳・西川・築波の小樽市内5流派の舞踊の師匠の交流により考案された。当初1970年代は町内会からの参加が6-7割を超えたものの、その後90年代には企業や官庁による参加が増加した。2024年には熱中症対策のためみこしパレードと合わせて移動距離が600m短縮され、1kmでの開催となった。
コースは花園グリーンロードからメイン会場の第3埠頭まで。

おたる潮音頭
作詞：米谷祐司
作編曲：春川一夫
歌：三波春夫・テイチク男声コーラス
潮おどり唄
作詞：萩原貢
作編曲：川越守
歌：美幌健

大花火大会
「競争花火大会」より半世紀以上の歴史を持つ。
潮まつりとなって以降は最終日に行われているが、第43回（2009年）と第44回（2010年）は初日と最終日の計2回行われた。これにより初日は「山灯（やまび）」、最終日は「海灯（うみび）」と名づけられる。
第45回（2011年）は、最終日の1回のみで、名称も「道新納涼花火大会」と改称された。
第46回（2012年）は、初日開催が復活。
メイン会場となる第三埠頭から1回につき2,000 - 3,000発打ち上げられる。
花火大会の模様はFMおたるでも中継されている。

脚注
関連項目
日本の祭一覧
日本の花火大会一覧

外部リンク
おたる潮まつり公式ウェブサイト",N/A
